id,address,cleaned_address,expanded_addresses
55000100280,2854 ROSEANN LN,2854 ROSEANN LN,2854 roseann lane
55000100280,2854 ROSEANN LN,2854 ROSEANN LN,2854 roseann line
55000235280,2854 ROSEANN LANE,2854 ROSEANN LANE,2854 roseann lane
9800060045,407 SOUTHVIEW AV,407 SOUTHVIEW AV,407 southview avenue
59100090241,909 GRETNA LN,909 GRETNA LN,909 gretna lane
59100090241,909 GRETNA LN,909 GRETNA LN,909 gretna line
5400040073,3329 GRAYDON AV,3329 GRAYDON AV,3329 graydon avenue
59400100515,955 SCHUMARD AV,955 SCHUMARD AV,955 schumard avenue
60200080044,4229 SIBLEY AV,4229 SIBLEY AV,4229 sibley avenue
51001010052,3630 POOLE RD,3630 POOLE RD,3630 poole road
9500050041,2131 VINE ST,2131 VINE ST,2131 vine saint
9500050041,2131 VINE ST,2131 VINE ST,2131 vine street
4100010010,3611 SHAW AV,3611 SHAW AV,3611 shaw avenue
4100010010,3611 SHAW AV,3611 SHAW AV,3611 shaw avenida calle
4100010010,3611 SHAW AV,3611 SHAW AV,3611 shaw avenida
51000410420,9982 DUNRAVEN DR,9982 DUNRAVEN DR,9982 dunraven doctor
51000410420,9982 DUNRAVEN DR,9982 DUNRAVEN DR,9982 dunraven drive
24700060285,1135 WIONNA AV,1135 WIONNA AV,1135 wionna avenue
61201500517,10960 E ALLENHURST BLVD,10960 E ALLENHURST BLVD,10960 east allenhurst boulevard
61201500517,10960 E ALLENHURST BLVD,10960 E ALLENHURST BLVD,10960 e allenhurst boulevard
59002310126,1119 GARNOA DR,1119 GARNOA DR,1119 garnoa doctor
59002310126,1119 GARNOA DR,1119 GARNOA DR,1119 garnoa drive
3700030043,6406 ROE ST,6406 ROE ST,6406 roe saint
3700030043,6406 ROE ST,6406 ROE ST,6406 roe street
59500080299,1947 STERLING AV,1947 STERLING AV,1947 sterling avenue
11500070009,3989 BEECHWOOD AV,3989 BEECHWOOD AV,3989 beechwood avenue
55001610086,5921 WERK RD,5921 WERK RD,5921 werk road
13100070229,1922 CATALINA AV,1922 CATALINA AV,1922 catalina avenida calle
13100070229,1922 CATALINA AV,1922 CATALINA AV,1922 catalina avenida
13100070229,1922 CATALINA AV,1922 CATALINA AV,1922 catalina avenue
5800010049,3518 HUDSON AV,3518 HUDSON AV,3518 hudson avenue
5800010049,3518 HUDSON AV,3518 HUDSON AV,3518 hudson avenida calle
5800010049,3518 HUDSON AV,3518 HUDSON AV,3518 hudson avenida
51000240123,2740 GREENBROOK LN,2740 GREENBROOK LN,2740 greenbrook lane
51000240123,2740 GREENBROOK LN,2740 GREENBROOK LN,2740 greenbrook line
